Table,13.1,13.1,13.1,13.1,13.1,13.2,13.2,13.2,13.2,13.2,13.2,13.2,13.2,13.2,13.2,13.2,13.2,13.2,13.2,13.2,13.2,13.2,13.2,13.2,13.2,13.2,13.2,13.2,13.2,13.2,13.2,13.2,13.2,13.2,13.2,13.2,13.2,13.2,13.2,13.2,13.2,13.3,13.3,13.3,13.3,13.3,13.3,13.3,13.3,13.3,13.3,13.3,13.3,13.3,13.3,13.3,13.3,13.3,13.3,13.3,13.3,13.3,13.3,13.3,13.3,13.3,13.3,13.3,13.3,13.3,13.3,13.3,13.3,13.3,13.3,13.3,13.3,13.3,13.3,13.3,13.4,13.4,13.4,13.4,13.4,13.4,13.4,13.4,13.4,13.4,13.4,13.4,13.4,13.4,13.4,13.4,13.4,13.4,13.4,13.4,13.4,13.4,13.4,13.4,13.4,13.4,13.4,13.4,13.4,13.4,13.4,13.4,13.4,13.4,13.4,13.4,13.4,13.4,13.4,13.4,13.5,13.5,13.5,13.5,13.5,13.5,13.6,13.6,13.6,13.6,13.6,13.6,13.6,13.6,13.6,13.6,13.6,13.6,13.6,13.6,13.6,13.7,13.7,13.7,13.7,13.7,13.7,13.7,13.7,13.7,13.7,13.7,13.7,13.7,13.7,13.7,13.7
Activity 1,Slaughter,Slaughter weight,Production,Exports (inc reexports),Consumption,Closing inventory,Closing inventory,Closing inventory,Closing inventory,Closing inventory,Closing inventory,Closing inventory,Closing inventory,Closing inventory,Closing inventory,Closing inventory,Closing inventory,Closing inventory,Closing inventory,Closing inventory,Closing inventory,Closing inventory,Closing inventory,Closing inventory,Closing inventory,Closing inventory,Closing inventory,Closing inventory,Closing inventory,Closing inventory,Closing inventory,Closing inventory,Closing inventory,Closing inventory,Closing inventory,Closing inventory,Closing inventory,Closing inventory,Closing inventory,Closing inventory,Closing inventory,Exports (inc reexports),Exports (inc reexports),Exports (inc reexports),Exports (inc reexports),Exports (inc reexports),Exports (inc reexports),Exports (inc reexports),Exports (inc reexports),Exports (inc reexports),Exports (inc reexports),Exports (inc reexports),Exports (inc reexports),Exports (inc reexports),Exports (inc reexports),Exports (inc reexports),Exports (inc reexports),Exports (inc reexports),Exports (inc reexports),Exports (inc reexports),Exports (inc reexports),Exports (inc reexports),Exports (inc reexports),Exports (inc reexports),Exports (inc reexports),Exports (inc reexports),Exports (inc reexports),Exports (inc reexports),Exports (inc reexports),Exports (inc reexports),Exports (inc reexports),Exports (inc reexports),Exports (inc reexports),Exports (inc reexports),Exports (inc reexports),Exports (inc reexports),Exports (inc reexports),Exports (inc reexports),Exports (inc reexports),Exports (inc reexports),Exports (inc reexports),Exports (inc reexports),Exports (inc reexports),Exports (inc reexports),Exports (inc reexports),Exports (inc reexports),Exports (inc reexports),Exports (inc reexports),Exports (inc reexports),Exports (inc reexports),Exports (inc reexports),Exports (inc reexports),Exports (inc reexports),Exports (inc reexports),Exports (inc reexports),Exports (inc reexports),Exports (inc reexports),Exports (inc reexports),Exports (inc reexports),Exports (inc reexports),Exports (inc reexports),Exports (inc reexports),Exports (inc reexports),Exports (inc reexports),Exports (inc reexports),Exports (inc reexports),Exports (inc reexports),Exports (inc reexports),Exports (inc reexports),Exports (inc reexports),Exports (inc reexports),Exports (inc reexports),Exports (inc reexports),Exports (inc reexports),Exports (inc reexports),Exports (inc reexports),Exports (inc reexports),Exports (inc reexports),Exports (inc reexports),Exports (inc reexports),Exports (inc reexports),Exports (inc reexports),Exports (inc reexports),Exports (inc reexports),Price,Exports (inc reexports),Closing cattle inventory,Closing cattle inventory,Closing cattle inventory,Closing cattle inventory,Closing cattle inventory,Closing cattle inventory,Closing cattle inventory,Closing cattle inventory,Closing cattle inventory,Closing cattle inventory,Closing cattle inventory,Closing cattle inventory,Closing cattle inventory,Closing cattle inventory,Closing cattle inventory,Production,Production,Production,Production,Production,Production,Production,Production,Production,Production,Production,Production,Production,Production,Production,Production
Activity 2,,,,,,,,,,,,,,,,,,,,,,,,,,,,,,,,,,,,,,,,,,,,,,,,,,,,,,,,,,,,,,,,,,,,,,,,,,,,,,,,,,,,,,,,,,,,,,,,,,,,,,,,,,,,,,,,,,,,,,,,,,,,,,,,,,,,,,,,,,,,,,,,,,,,,,,,,,,,,
Commodity,Total,Total,Beef and veal,Beef and veal,Beef and veal,Beef cows and heifers,Beef cows and heifers,Beef cows and heifers,Beef cows and heifers,Beef cows and heifers,Beef cows and heifers,Beef cows and heifers,Beef cows and heifers,Beef cows and heifers,Total beef cattle and calves,Total beef cattle and calves,Total beef cattle and calves,Total beef cattle and calves,Total beef cattle and calves,Total beef cattle and calves,Total beef cattle and calves,Total beef cattle and calves,Total beef cattle and calves,Total dairy cattle and calves,Total dairy cattle and calves,Total dairy cattle and calves,Total dairy cattle and calves,Total dairy cattle and calves,Total dairy cattle and calves,Total dairy cattle and calves,Total dairy cattle and calves,Total dairy cattle and calves,Total cattle,Total cattle,Total cattle,Total cattle,Total cattle,Total cattle,Total cattle,Total cattle,Total cattle,Beef and veal,Beef and veal,Beef and veal,Beef and veal,Beef and veal,Beef and veal,Beef and veal,Beef and veal,Beef and veal,Beef and veal,Beef and veal,Beef and veal,Beef and veal,Beef and veal,Beef and veal,Beef and veal,Beef and veal,Beef and veal,Beef and veal,Beef and veal,Beef and veal,Beef and veal,Beef and veal,Live cattle - slaughter,Live cattle - slaughter,Live cattle - slaughter,Live cattle - slaughter,Live cattle - slaughter,Live cattle - slaughter,Live cattle - slaughter,Live cattle - slaughter,Live cattle - slaughter,Live cattle - slaughter,Live cattle - slaughter,Live cattle - breeding,Live cattle - breeding,Live cattle - breeding,Live cattle - breeding,Total live cattle,Beef and veal,Beef and veal,Beef and veal,Beef and veal,Beef and veal,Beef and veal,Beef and veal,Beef and veal,Beef and veal,Beef and veal,Beef and veal,Beef and veal,Beef and veal,Beef and veal,Beef and veal,Beef and veal,Beef and veal,Beef and veal,Beef and veal,Beef and veal,Beef and veal,Beef and veal,Beef and veal,Live cattle - slaughter,Live cattle - slaughter,Live cattle - slaughter,Live cattle - slaughter,Live cattle - slaughter,Live cattle - slaughter,Live cattle - slaughter,Live cattle - slaughter,Live cattle - slaughter,Live cattle - slaughter,Live cattle - slaughter,Live cattle - breeding,Live cattle - breeding,Live cattle - breeding,Live cattle - breeding,Live cattle - breeding,Total live cattle,Beef and veal - boneless chilled,Beef and veal - boneless frozen,Beef and veal,Beef and veal,Beef and veal,Beef and veal,Total cattle,Total cattle,Total cattle,Total cattle,Total cattle,Total cattle,Total cattle,Total cattle,Total cattle,Total cattle,Total cattle,Total cattle,Total cattle,Total cattle,Total cattle,Beef and veal,Beef and veal,Beef and veal,Beef and veal,Beef and veal,Beef and veal,Beef and veal,Beef and veal,Beef and veal,Beef and veal,Beef and veal,Beef and veal,Beef and veal,Beef and veal,Beef and veal,Beef and veal
Reporter,Australia,Australia,Australia,Australia,Australia,New South Wales,Victoria,Queensland,South Australia,Western Australia,Tasmania,Northern Territory,Australian Capital Territory,Australia,New South Wales,Victoria,Queensland,South Australia,Western Australia,Tasmania,Northern Territory,Australian Capital Territory,Australia,New South Wales,Victoria,Queensland,South Australia,Western Australia,Tasmania,Northern Territory,Australian Capital Territory,Australia,New South Wales,Victoria,Queensland,South Australia,Western Australia,Tasmania,Northern Territory,Australian Capital Territory,Australia,Australia,Australia,Australia,Australia,Australia,Australia,Australia,Australia,Australia,Australia,Australia,Australia,Australia,Australia,Australia,Australia,Australia,Australia,Australia,Australia,Australia,Australia,Australia,Australia,Australia,Australia,Australia,Australia,Australia,Australia,Australia,Australia,Australia,Australia,Australia,Australia,Australia,Australia,Australia,Australia,Australia,Australia,Australia,Australia,Australia,Australia,Australia,Australia,Australia,Australia,Australia,Australia,Australia,Australia,Australia,Australia,Australia,Australia,Australia,Australia,Australia,Australia,Australia,Australia,Australia,Australia,Australia,Australia,Australia,Australia,Australia,Australia,Australia,Australia,Australia,Australia,Australia,Australia,Australia,Australia,Australia,Australia,Australia,United States of America,Australia,Argentina,Australia,Brazil,Canada,China,European Union 28 (EU),India,Japan,Korea Republic of,Mexico,New Zealand,Russian Federation,United States of America,Uruguay,World,Argentina,Australia,Brazil,Canada,China,European Union 28 (EU),India,Japan,Mexico,New Zealand,Pakistan,Russian Federation,South Africa,United States of America,Uruguay,World
Location,,,,World,,,,,,,,,,,,,,,,,,,,,,,,,,,,,,,,,,,,,,Canada,United States of America,China,Hong Kong,Indonesia,Japan,Korea Republic of,Malaysia,Philippines,Singapore,Taiwan,Thailand,Vietnam,Commonwealth of Independent States (CIS),European Union 28 (EU),Jordan,Kuwait,Qatar,Saudi Arabia,United Arab Emirates,New Zealand,Papua New Guinea,World,China,Indonesia,Japan,Malaysia,Philippines,Russian Federation,Thailand,Vietnam,Israel,Saudi Arabia,World,China,Indonesia,Vietnam,World,World,Canada,United States of America,China,Hong Kong,Indonesia,Japan,Korea Republic of,Malaysia,Philippines,Singapore,Taiwan,Thailand,Vietnam,Commonwealth of Independent States (CIS),European Union 28 (EU),Jordan,Kuwait,Qatar,Saudi Arabia,United Arab Emirates,New Zealand,Papua New Guinea,World,China,Indonesia,Japan,Malaysia,Philippines,Russian Federation,Thailand,Vietnam,Israel,Saudi Arabia,World,China,Indonesia,Russian Federation,Vietnam,World,World,Japan,Japan,Korea Republic of,Korea Republic of,,United States of America,,,,,,,,,,,,,,,,,,,,,,,,,,,,,,,
Measure,Head/number,Quantity,Quantity,Quantity,Quantity,Head/number,Head/number,Head/number,Head/number,Head/number,Head/number,Head/number,Head/number,Head/number,Head/number,Head/number,Head/number,Head/number,Head/number,Head/number,Head/number,Head/number,Head/number,Head/number,Head/number,Head/number,Head/number,Head/number,Head/number,Head/number,Head/number,Head/number,Head/number,Head/number,Head/number,Head/number,Head/number,Head/number,Head/number,Head/number,Head/number,Quantity,Quantity,Quantity,Quantity,Quantity,Quantity,Quantity,Quantity,Quantity,Quantity,Quantity,Quantity,Quantity,Quantity,Quantity,Quantity,Quantity,Quantity,Quantity,Quantity,Quantity,Quantity,Quantity,Quantity,Quantity,Quantity,Quantity,Quantity,Quantity,Quantity,Quantity,Quantity,Quantity,Quantity,Quantity,Quantity,Quantity,Quantity,Quantity,Value,Value,Value,Value,Value,Value,Value,Value,Value,Value,Value,Value,Value,Value,Value,Value,Value,Value,Value,Value,Value,Value,Value,Value,Value,Value,Value,Value,Value,Value,Value,Value,Value,Value,Value,Value,Value,Value,Value,Value,Unit value,Unit value,Unit value,Unit value,Price,Unit value,Head/number,Head/number,Head/number,Head/number,Head/number,Head/number,Head/number,Head/number,Head/number,Head/number,Head/number,Head/number,Head/number,Head/number,Head/number,Quantity,Quantity,Quantity,Quantity,Quantity,Quantity,Quantity,Quantity,Quantity,Quantity,Quantity,Quantity,Quantity,Quantity,Quantity,Quantity
Unit,'000,kg,kt,kt,kt,'000,'000,'000,'000,'000,'000,'000,'000,'000,'000,'000,'000,'000,'000,'000,'000,'000,'000,'000,'000,'000,'000,'000,'000,'000,'000,'000,'000,'000,'000,'000,'000,'000,'000,'000,'000,kt,kt,kt,kt,kt,kt,kt,kt,kt,kt,kt,kt,kt,kt,kt,kt,kt,kt,kt,kt,kt,kt,kt,'000,'000,'000,'000,'000,'000,'000,'000,'000,'000,'000,'000,'000,'000,'000,'000,$m,$m,$m,$m,$m,$m,$m,$m,$m,$m,$m,$m,$m,$m,$m,$m,$m,$m,$m,$m,$m,$m,$m,$m,$m,$m,$m,$m,$m,$m,$m,$m,$m,$m,$m,$m,$m,$m,$m,$m,c/kg,c/kg,c/kg,c/kg,USc/kg,c/kg,Million,Million,Million,Million,Million,Million,Million,Million,Million,Million,Million,Million,Million,Million,Million,kt,kt,kt,kt,kt,kt,kt,kt,kt,kt,kt,kt,kt,kt,kt,kt
Frequency,Fiscal Year,Fiscal Year,Fiscal Year,Fiscal Year,Fiscal Year,Fiscal Year,Fiscal Year,Fiscal Year,Fiscal Year,Fiscal Year,Fiscal Year,Fiscal Year,Fiscal Year,Fiscal Year,Fiscal Year,Fiscal Year,Fiscal Year,Fiscal Year,Fiscal Year,Fiscal Year,Fiscal Year,Fiscal Year,Fiscal Year,Fiscal Year,Fiscal Year,Fiscal Year,Fiscal Year,Fiscal Year,Fiscal Year,Fiscal Year,Fiscal Year,Fiscal Year,Fiscal Year,Fiscal Year,Fiscal Year,Fiscal Year,Fiscal Year,Fiscal Year,Fiscal Year,Fiscal Year,Fiscal Year,Fiscal Year,Fiscal Year,Fiscal Year,Fiscal Year,Fiscal Year,Fiscal Year,Fiscal Year,Fiscal Year,Fiscal Year,Fiscal Year,Fiscal Year,Fiscal Year,Fiscal Year,Fiscal Year,Fiscal Year,Fiscal Year,Fiscal Year,Fiscal Year,Fiscal Year,Fiscal Year,Fiscal Year,Fiscal Year,Fiscal Year,Fiscal Year,Fiscal Year,Fiscal Year,Fiscal Year,Fiscal Year,Fiscal Year,Fiscal Year,Fiscal Year,Fiscal Year,Fiscal Year,Fiscal Year,Fiscal Year,Fiscal Year,Fiscal Year,Fiscal Year,Fiscal Year,Fiscal Year,Fiscal Year,Fiscal Year,Fiscal Year,Fiscal Year,Fiscal Year,Fiscal Year,Fiscal Year,Fiscal Year,Fiscal Year,Fiscal Year,Fiscal Year,Fiscal Year,Fiscal Year,Fiscal Year,Fiscal Year,Fiscal Year,Fiscal Year,Fiscal Year,Fiscal Year,Fiscal Year,Fiscal Year,Fiscal Year,Fiscal Year,Fiscal Year,Fiscal Year,Fiscal Year,Fiscal Year,Fiscal Year,Fiscal Year,Fiscal Year,Fiscal Year,Fiscal Year,Fiscal Year,Fiscal Year,Fiscal Year,Fiscal Year,Fiscal Year,Fiscal Year,Fiscal Year,Calendar Year,Calendar Year,Calendar Year,Calendar Year,Calendar Year,Calendar Year,Calendar Year,Fiscal Year,Calendar Year,Calendar Year,Calendar Year,Calendar Year,Calendar Year,Calendar Year,Calendar Year,Calendar Year,Oct-Sep Year,Calendar Year,Calendar Year,Calendar Year,Calendar Year,Calendar Year,Calendar Year,Calendar Year,Calendar Year,Calendar Year,Calendar Year,Calendar Year,Calendar Year,Calendar Year,Calendar Year,Calendar Year,Calendar Year,Calendar Year,Calendar Year,Calendar Year,Calendar Year
Notes,"a,1","1, 2","1,2","a, 3","a,1,2,3",4,4,4,4,4,4,4,4,4,4,4,4,4,4,4,4,4,"1, 4",4,4,4,4,4,4,4,4,"1, 4",4,4,4,4,4,4,4,4,"1, 4",3,3,3,3,3,3,3,3,3,3,3,3,3,3,"b,3",3,3,3,3,3,3,3,3,"c,3","c,3","c,d,3","c,3","c,3","c,3","c,3","c,d,3","c,3","c,3","c,3","e,3","e,3","e,3","e,3","e,3",3,3,3,3,3,3,3,3,3,3,3,3,3,3,"g,3",3,3,3,3,3,3,3,3,"c,3","c,3","c,d,3","c,3","c,3","c,3","c,3","c,d,3","c,3","c,3","c,3",,,,,,,3,3,3,3,"i,5",3,"j,6",4,"j,6","j,6","j,k,6","j,6","j,c,6","j,6","j,6","j,6","j,6","j,6","j,6","j,6","j,6",6,2,6,6,"k,6","g,6","c,6",6,6,6,6,6,6,6,6,6
Series Start,1972,1972,1972,1972,1972,1982,1982,1982,1982,1982,1982,1982,1982,1982,1972,1972,1972,1972,1972,1972,1972,1972,1972,1972,1972,1972,1972,1972,1972,1972,1972,1972,1972,1972,1972,1972,1972,1972,1972,1980,1972,1985,1986,1986,1986,1985,1986,1986,1986,1986,1986,1985,1986,1986,1986,1986,1986,1986,1986,1986,1986,1986,1986,1972,1986,1986,1986,1986,1986,1986,1986,1986,1986,1986,1981,1986,1986,1986,1986,1986,1986,1985,1985,1986,1985,1985,1985,1986,1986,1986,1986,1986,1985,1986,1986,1986,1986,1986,1986,1986,1986,1986,1972,1986,1986,1986,1986,1986,1986,1986,1986,1986,1986,1986,1986,1986,1986,1986,1986,1974,1979,1979,1994,1986,1978,1986,1972,1972,1972,1972,1973,1972,1972,1972,1972,1972,1972,1986,1972,1972,1972,1972,1972,1972,1972,1973,1972,1972,1972,1972,1972,1994,1986,1972,1972,1972,1972
Series End,2018,2018,2018,2018,2018,2018,2018,2018,2018,2018,2018,2018,2018,2018,2018,2018,2018,2018,2018,2018,2018,2018,2018,2018,2018,2018,2018,2018,2018,2013,2003,2018,2018,2018,2018,2018,2018,2018,2018,2018,2018,2018,2018,2018,2018,2018,2018,2018,2018,2018,2018,2018,2018,2018,2018,2018,2018,2018,2018,2018,2018,2018,2018,2018,2018,2018,2018,2018,2018,2018,2018,2018,2018,2018,2018,2018,2018,2018,2018,2018,2018,2018,2018,2018,2018,2018,2018,2018,2018,2018,2018,2018,2018,2018,2018,2018,2018,2018,2018,2018,2018,2018,2018,2018,2018,2018,2018,2018,2018,2018,2018,2018,2018,2018,2018,2018,2018,2018,2018,2018,2018,2018,2018,2018,2018,2018,2018,2018,2018,2018,2018,2018,2018,2018,2018,2018,2018,2018,2018,2018,2018,2018,2018,2018,2018,2018,2018,2018,2018,2018,2018,2013,2018,2018,2018,2018,2018
Identifier,AG351,AG5836,AG356,AB23352,AG7325,AG1265,AG1267,AG1271,AG1273,AG1275,AG1278,AG1279,AG1281,AG1283,AG1286,AG1287,AG1290,AG1292,AG1293,AG1295,AG1297,AG1303,AG342,AG1308,AG1312,AG1314,AG1315,AG1317,AG1320,AG1323,AG5216,AG343,AG5217,AG1327,AG1328,AG1329,AG5218,AG5219,AG5220,AG1337,AG1339,AB9129,AB18474,AB20684,AB20689,AB19917,AB18478,AB18480,AB20742,AB20747,AB20750,AB9130,AB23376,AB25037,AB20755,AB20753,AB23373,AB20761,AB23379,AB20764,AB20767,AB20770,AB20776,AB18473,AB26193,AB19219,AB19225,AB19228,AB19231,AB22870,AB22896,AB22614,AB19240,AB19249,AB10354,AB20672,AB20673,AB22869,AB20321,AB20675,AB20677,AB20022,AB20021,AB20690,AB20023,AB20020,AB20024,AB20743,AB20748,AB20751,AB23435,AB22899,AB24099,AB20756,AB20754,AB23400,AB20762,AB23404,AB20765,AB20768,AB20771,AB20777,AB20019,AB26192,AB19252,AB19258,AB19261,AB19264,AB22898,AB22897,AB22615,AB19273,AB19282,AB10936,AB20719,AB20720,AB20721,AB22900,AB20322,AB20333,AB15262,AB15260,AB22099,AB22100,AG4746,AB22871,AG5230,AG346,AG1345,AG1347,AG5231,AG7851,AG7284,AG1367,AG7303,AG7285,AG1369,AG1374,AG1195,AG1379,AG1184,AG1385,AG1821,AG1388,AG1390,AG1391,AG7850,AG7302,AG1416,AG1417,AG1239,AG7863,AG1421,AG1426,AG1196,AG1431,AG1435
1974,8452.40,183.02,1546.96,611.20,881.00,,,,,,,,,,8159.00,4155.00,10170.00,1618.00,2327.00,681.00,1409.00,0.00,28522.00,571.00,1897.00,474.00,204.00,159.00,220.00,0.00,0.00,3649.00,8730.00,6052.00,10644.00,1822.00,2486.00,901.00,1409.00,,32171.00,,,,,,,,,,,,,,,,,,,,,,,415.92,,,,,,,,,,,,,,,,,,,,,,,,,,,,,,,,,,,,,,,322.351,,,,,,,,,,,,,,,,,,,,,,,,57.232,32.171,92,13.481,,123.72,238.14,3.65,1.545,28.816,9.415,,127.788,10.961,942.702,2163,1279.409,2100,953,,1208,187,292,700,405,,,527,10715,320,38235
1975,10617.50,173.34,1840.42,800.20,936.00,,,,,,,,,,8368.00,3920.00,10650.00,1648.00,2435.00,679.00,1563.00,0.00,29284.00,565.00,1812.00,461.00,198.00,158.00,211.00,0.00,0.00,3528.00,8933.00,5732.00,11111.00,1846.00,2593.00,890.00,1563.00,,32812.00,,,,,,,,,,,,,,,,,,,,,,,,,,,,,,,,,,,,,,,,,,,,,,,,,,,,,,,,,,,,,,486.8,,,,,,,,,,,,,,,,,,,,,,,,60.115,32.812,91,14.278,74.554,124.654,239.12,3.644,1.858,29.2,9.653,,132.028,11.536,1039.186,2439,1703.488,2150,1088,298,1469,604,353,1038,508,,,492,11271,345,41597
1976,11982.00,165.90,1987.78,936.80,976.00,,,,,,,,,,7591.00,3331.00,11036.00,1387.00,2259.00,611.00,1616.00,0.00,28269.00,549.00,1628.00,433.00,175.00,143.00,187.00,0.00,0.00,3265.00,8140.00,4959.00,11469.00,1562.00,2402.00,798.00,1616.00,,31534.00,,,,,,,,,,,,,,,,,,,,,,,,,,,,,,,,,,,,,,,,,,,,,,,,,,,,,,,,,,,,,,618.2,,,,,,,,,,,,,,,,,0.609684833,,,,,,,61.469,31.534,92,14.011,73.547,122.776,240.53,3.723,1.642,29.9,9.777,,127.98,10.398,1039.18,2811,1898.97,2230,1166,324,1338,609,298,1079,628,,,537,12166,405,43549
1977,12968.00,168.40,2183.84,1115.30,955.51,,,,,,,,,,6689.00,2881.00,10856.00,1043.00,2084.00,543.00,1631.00,0.00,26268.00,493.00,1561.00,394.00,161.00,125.00,170.00,0.00,0.00,3062.00,7182.00,4442.00,11250.00,1204.00,2209.00,713.00,1631.00,,29330.00,,,,,,,,,,,,,,,,,,,,,,,,,,,,,,,,,,,,,,,,,,,,,,,,,,,,,,,,,,,,,,871.8,,,,,,,,,,,,,,,,,0.646139909,,,,,,,61.291,29.33,91,13.362,71.693,122.192,242,3.875,1.554,30.41,9.017,,122.81,9.843,1030.944,2914,2158.242,2450,1142,315,1488,615,361,990,558,,,580,11844,363,43783
1978,11348.00,177.84,2018.11,1216.70,833.68,,,,,,,,,,5844.00,2543.00,10261.00,900.00,1913.00,483.00,1738.00,0.00,24245.00,461.00,1471.00,366.00,152.00,122.00,159.00,0.00,0.00,2867.00,6305.00,4014.00,10627.00,1052.00,2035.00,642.00,1738.00,,27112.00,,,,,,,,,,,,,,,,,,,,,,,,,,,,,,,,,,,,,,,,,,,,,,,,,,,,,,,,,,,,,,1365.8,,,,,,,,,,,,,,,,,1.280059881,,,,,,,60.625,27.112,89,12.526,70.398,122.955,245.43,4.009,1.618,31.3,8.738,,116.375,9.424,1027.284,3146,2130.801,2200,1063,310,1506,624,403,1038,562,,,629,11279,354,43541
1979,8890.00,175.98,1564.44,864.00,729.00,,,,,,,,,,5484.00,2643.00,9756.00,882.00,1888.00,479.00,1687.00,0.00,23373.00,447.00,1482.00,344.00,149.00,123.00,152.00,0.00,0.00,2830.00,5931.00,4125.00,10100.00,1031.00,2011.00,631.00,1687.00,,26203.00,,,,,,,,,,,,,,,,,,,,,,,,,,,,,,,,,,,,,,,,,,,,,,,,,,,,,,,,,,,,,,1327.5,,,,,,,,,,,,,,,,,1.828600323,,,,,,,58.173,26.203,114.2,11.996,70.724,124.556,248.98,4.12,1.787,32.15,8.418,,110.864,9.613,1050.868,3020,1769.654,2100,948,230,1720,635,402,1116,512,,,679,9924,266,41773
1980,8436.00,173.92,1467.19,767.30,728.00,,,,,,,,,,4876.00,2696.00,9359.00,904.00,1857.00,497.00,1634.00,0.00,22368.00,425.00,1493.00,335.00,152.00,121.00,146.00,0.00,0.00,2799.00,5301.00,4189.00,9694.00,1056.00,1978.00,643.00,1634.00,,25167.00,,,,,,,,,,,,,,,,,,,,,,,,,,,,,,,,,,,,,,,,,,,,,,,,,,,,,,,,,,,,,,1109.3,,,,,,,,,,,,,,,,,1.680955997,,,,,263,,56.63,25.167,115.2,12.126,71.346,124.363,252.57,4.248,1.762,33,8.022,,111.242,10.313,1056.084,2839,1533.56,3285,971,269,2062,642,418,1209,496,,,733,9998,336,42921
1981,8691.00,181.36,1576.20,783.70,750.00,,,,,,,,,,4855.00,2514.00,9210.00,829.00,1772.00,466.00,1583.00,0.00,21704.00,419.00,1491.00,337.00,151.00,120.00,146.00,0.00,0.00,2786.00,5274.00,4005.00,9547.00,980.00,1892.00,612.00,1583.00,,24490.00,,,,,,,,,,,,,,,,,,,,,,,,,,,,,,,,,,,,,,,,,,,,,,,,,,,,,,,,,,,,,,1024.2,,,,,,,,,,,,,,,,,1.437670637,274,217,,,245,,56.199,24.49,118.8,12.166,71.676,123.185,256.2,4.385,1.604,34,8.131,,114.351,10.971,1058.348,2939,1422.304,3428,1014,249,2082,675,471,1271,498,,,616,10354,407,43232
1982,9117.00,169.23,1542.88,827.30,701.00,,,,,,,,,,4545.20,1920.40,8980.70,669.90,1631.90,412.40,1547.50,10.00,19718.00,472.80,1487.60,368.70,158.40,122.20,146.80,0.20,0.20,2757.10,5018.00,3408.00,9349.40,828.30,1754.10,559.20,1547.70,10.20,22475.10,,,,,,,,,,,,,,,,,,,,,,,,,,,,,,,,,,,,,,,,,,,,,,,,,,,,,,,,,,,,,,1182.7,,,,,,,,,,,,,,,,,3.226507905,285,230,,,230,,54.749,22.4751,121.5,12.163,73.301,122.902,262.25,4.485,1.506,34.7,8.035,,115.444,10.872,1069.099,2551,1678.493,3586,1025,266,1875,710,481,1381,521,,,625,10425,383,43332
1983,7317.00,183.86,1345.28,703.80,654.00,,,,,,,,,,4571.00,1952.40,8782.80,650.70,1605.80,393.60,1390.00,9.80,19356.00,464.62,1534.60,371.70,161.90,123.80,148.50,0.20,0.20,2805.40,5035.62,3487.00,9154.50,812.60,1729.60,542.10,1390.20,10.00,22161.40,,,,,,,,,,,,,,,,,,,,,,,451.60,,,,,,,,,,,81.69,,,,,,,,,,,,,,,,,,,,,,,,,,,,1120.2,,,,,,,,,,,,,,,,,7.550621409,363,268,,,241,,55,22.1614,124.8,11.861,76.073,122.984,265.37,4.59,1.754,33.873,7.913,,115.001,10.308,1071.885,2390,1414.196,3495,1033,315,1991,740,495,1229,536,,,653,10748,412,43428
1984,7036.00,186.19,1310.02,611.20,660.00,2583.05,1077.14,4421.61,386.35,820.99,194.57,784.15,6.49,10274.35,4775.30,2016.60,9051.00,683.70,1550.60,405.10,1483.80,10.90,19976.90,450.30,1559.10,362.20,162.70,122.90,148.50,0.20,0.20,2806.10,5225.60,3575.70,9413.20,846.40,1673.50,553.60,1484.00,11.10,22783.00,,,,,,,,,,,,,,,,,,,,,,,411.50,,,,,,,,,,,48.78,,,,,,,,,,,,,,,,,,,,,,,,,,,,1078.4,,,,,,,,,,,,,,,,,14.43410261,352,273,,,226,,56.475,22.783,126.5,11.629,78.084,124.283,268.55,4.682,2.215,33.917,7.631,,113.36,9.491,1075.512,2558,1271.903,3677,990,373,2301,770,535,1323,433,,,669,10929,295,44481
1985,7403.00,187.08,1384.92,712.00,656.00,2672.00,1141.00,4554.00,409.00,835.00,203.00,806.00,7.00,10626.00,4971.70,2186.40,9303.50,752.00,1567.70,426.40,1457.30,12.40,20677.40,437.60,1533.30,358.50,162.40,122.40,143.90,0.30,0.20,2758.60,5409.30,3719.70,9662.00,914.40,1690.10,570.30,1457.60,12.60,23436.00,,,,,,,,,,,,,,,,,,,,,,,477.00,,,,,,,,,,,,,,,,,,,,,,,,,,,,,,,,,,,,,,,1317.2,,,,,,,,,,,,,,,,,30.25864733,397,305,,,212,,57.484,23.436,128.4,11.33,82.593,123.701,271.77,4.693,2.652,33.853,7.777,,109.582,9.946,1085.867,2750,1337.742,3708,1029,467,2474,795,555,1339,486,,,638,10997,342,45492
1986,7985.00,190.45,1520.73,844.90,635.00,2629.00,1186.00,4498.00,434.00,860.00,213.00,821.00,7.00,10648.00,4445.30,2013.70,8674.80,754.90,1541.20,395.30,1438.80,11.60,19275.60,422.70,1464.30,336.70,156.80,118.30,139.50,0.50,0.20,2639.00,4868.00,3478.00,9011.50,911.70,1659.50,534.80,1439.30,11.80,21914.60,,,,,,,,,,,,,,,,,,,,,,,565.50,,,,,,,,,,,,,,,,,,,,,,,,,,,,,,,,,,,,,,,1752.8,,,,,,,,,,,,,,,,,34.42623699,439,308,,,201,,57.484,21.9146,127.7,10.956,86.82,121.945,275.05,4.742,2.943,32.167,7.921,,105.378,9.961,1084.019,2870,1480.765,3840,1035,589,2914,1631,559,1200,466,,,616,11292,358,47497
1987,8112.00,195.73,1587.72,955.90,660.00,2651.00,1195.00,4436.00,445.00,890.00,209.00,798.00,7.00,10632.00,4542.60,2038.00,8503.70,794.30,1590.20,407.70,1383.10,10.60,19270.10,419.20,1435.60,321.50,153.00,114.90,134.50,1.90,0.20,2580.70,4961.80,3473.60,8825.20,947.30,1705.10,542.20,1385.00,10.80,21850.80,23.48,,,,0.07,,,,,,14.25,,,,,,,,,,,,641.40,,,,,,,,,,,,,,,,,,565.97,0.25,,0.53,222.80,0.47,,,,,,0,,,,,,,,,,995.099554,,,,,,,,,,,,,,,,,33.39575296,464,341,,,229,,56.583,21.8508,129.6,10.667,91.67,119.723,275.66,4.694,2.807,33.603,8.279,,102.118,9.778,1084.584,2700,1564.395,4730,977,793,2672,1603,565,1205,563,,,583,10884,277,48692
1988,7244.00,205.89,1491.48,797.35,684.02,2783.00,1229.00,4488.00,456.00,908.00,217.00,807.00,7.00,10895.00,4924.00,2070.80,8682.00,798.10,1590.70,425.60,1386.50,10.40,19888.20,404.60,1437.90,311.80,144.40,111.00,134.80,1.50,0.20,2546.10,5328.60,3508.70,8993.80,942.50,1701.70,560.40,1388.00,10.60,22434.30,22.29,263.90,0.11,2.86,0.17,166.55,34.19,2.72,1.17,1.19,27.15,0.03,0.00,0.00,9.10,0.00,0.28,0.01,0.33,0.25,0.00,10.30,548.14,0.00,0.00,32.27,21.93,16.73,0.00,0.00,0.00,0.00,3.02,87.04,0.00,10.65,0.00,78.93,165.97,66.76,713.94,1.01,12.81,1.54,693.49,87.89,8.03,2.10,4.973789,95.062084,0.241757,0,0,58.643974,0,1.231736,0.057787,1.614087,1.241014,0.033438,18.876078,1788.60318,0,0,22.36313,8.052465,6.004852,0,0,0,0,1.929927,45.067625,0,7.88731,0,0,14.927872,59.995497,474.7612738,341.0494174,,266.232332,245,277.7048978,56.482,22.4343,147.1,10.756,94.65,121.152,278.32,4.667,2.393,35.378,7.999,59.8,99.622,10.306,1100.908,2610,1551.056,4787,973,958,2813,1849,570,1754,562,,3490,553,10880,321,48712
1989,7941.00,211.15,1676.72,976.59,687.80,2962.00,1305.00,4754.00,469.00,882.00,221.00,795.00,7.00,11395.00,5141.70,2223.70,9194.90,833.10,1564.00,435.00,1325.50,11.90,20729.80,364.00,1422.00,294.00,136.00,109.00,134.00,1.60,0.20,2460.80,5505.70,3645.70,9488.90,969.10,1673.00,569.00,1327.10,12.10,23190.60,29.41,337.83,0.55,4.04,0.31,180.36,67.75,3.13,0.30,1.29,28.48,0.22,0.00,0.71,9.27,0.00,0.33,0.03,0.27,0.16,0.61,10.14,680.34,0.00,0.00,31.70,21.08,25.86,0.00,0.00,0.00,0.00,0.45,89.80,0.00,1.20,0.00,8.64,98.44,99.07,1027.39,2.89,18.11,2.16,799.02,168.89,9.65,1.41,6.281192,113.791669,1.070054,0,1.976145,69.578594,0,1.525622,0.132678,1.42652,0.875564,2.32902,20.86145,2368.72402,0,0,22.364775,7.610002,9.051824,0,0,0,0,0.356357,45.29489,0,0.85407,0,0,6.308392,51.603282,524.9186858,338.7423043,,320.9041795,270.67,289.9032628,56.982,23.1906,148,10.984,97.948,120.798,278.738,4.682,2.039,34.999,8.058,59.3,96.74,10.548,1101.036,2600,1572.871,4937,980,1072,3121,2070,548,2140,550,,3575,582,10633,376,49551
1990,8376.00,210.07,1759.57,1084.96,668.36,2961.00,1263.00,5011.00,470.00,786.00,224.00,788.00,6.00,11510.00,5310.30,2208.00,9575.20,856.60,1475.00,444.40,1351.50,10.90,21231.90,343.20,1423.40,280.40,133.40,108.80,139.90,1.10,0.20,2430.40,5653.50,3631.40,9855.60,990.00,1583.80,584.30,1352.60,11.10,23662.30,31.55,388.41,0.15,3.75,0.57,198.85,71.81,3.18,0.70,1.04,29.70,0.34,0.00,0.08,7.94,0.00,0.03,0.02,0.20,0.47,1.29,7.48,751.72,0.00,7.74,31.11,25.02,19.23,0.00,0.34,0.00,0.00,0.19,95.23,0.00,5.65,0.00,16.10,111.33,84.23,1113.72,1.45,17.01,3.32,946.06,191.23,10.37,2.48,4.799495,115.327897,1.29341,0,0.242552,65.890201,0,0.125306,0.153946,1.097504,3.091033,3.217294,15.976668,2597.034408,0,2.985119,23.498997,10.669469,6.89554,0,0.401999,0,0,0.158863,50.407283,0,4.353738,0,0,13.432904,63.840187,522.9526954,369.2391696,,308.2585082,266.4833333,290.7969122,56.382,23.6623,148.8,11.22,100.752,125.739,276.815,4.76,2.051,31.747,7.828,58.8,95.816,9.377,1098.269,2650,1738.197,5008,900,1256,2926,2161,549,1790,471,,3635,661,10464,349,50466
1991,8718.00,205.42,1790.87,1146.07,641.72,2915.00,1254.00,4999.00,458.00,810.00,221.00,771.00,6.00,11434.00,5359.10,2152.20,9730.40,879.30,1536.30,446.70,1332.60,10.60,21447.20,337.80,1421.90,274.80,137.10,112.80,146.00,1.70,0.20,2432.50,5696.90,3574.10,10005.20,1016.40,1649.10,592.70,1334.30,10.80,23879.70,42.60,383.09,0.31,3.57,0.64,195.92,99.47,3.78,0.47,1.66,35.07,0.14,0.00,0.02,10.81,0.00,0.40,0.04,0.56,0.40,1.59,9.85,797.87,0.00,16.17,29.83,22.80,20.44,0.00,0.00,0.00,0.00,0.00,107.41,0.00,1.50,0.00,29.59,137.01,126.44,1141.06,2.10,16.58,4.56,938.48,256.60,11.38,1.66,7.378302,133.729817,0.69722,0,0.103102,79.361189,0.000613,1.616969,0.235417,1.620454,2.061039,3.954968,20.765626,2777.196245,0,5.762937,21.751302,9.180676,9.948709,0,0,0,0,0,54.930567,0,1.540487,0,0,20.96598,75.896547,571.6195702,346.5685333,,437.5325344,265.5916667,292.3361518,55.78,23.8797,150,11.289,102.884,102.33,278.15,4.873,2.126,29.847,8.034,57.043,96.393,9.431,1074.066,2650,1748.802,5481,866,1535,3224,1459,574,1580,524,,3350,700,10534,315,50334
1992,8479.00,215.33,1825.81,1200.88,622.25,3063.00,1237.00,4964.00,544.00,880.00,230.00,809.00,7.00,11733.00,5440.00,2225.90,9593.20,961.90,1532.00,445.20,1345.20,12.00,21555.40,341.10,1462.90,279.80,142.30,116.20,159.50,2.00,0.20,2504.10,5781.10,3688.80,9873.00,1104.20,1648.20,604.70,1347.20,12.20,24059.50,91.68,306.04,0.48,5.14,1.29,258.96,74.31,4.53,3.29,2.85,34.22,0.60,0.00,0.00,9.20,0.02,0.39,0.00,0.56,0.59,3.42,9.91,828.29,0.00,30.29,16.56,26.51,65.76,0.00,0.00,0.00,0.00,0.00,148.55,0.10,2.44,0.00,18.45,167.01,226.86,947.51,2.51,24.88,7.82,1249.54,184.49,13.87,7.29,11.751812,135.563915,2.188966,0,0.004892,73.806938,0.0242,1.467829,0.033721,1.273351,2.051613,8.747052,19.859432,2988.015566,0,14.780292,10.87764,10.64011,28.863808,0,0,0,0,0,69.847536,0.235732,1.144505,0,0,11.116233,80.963769,568.012013,336.2329403,,344.1852107,247.6833333,293.7903142,55.229,24.0595,150.1,11.869,104.592,115.205,288.056,4.98,2.269,31.822,8.1,54.677,97.556,9.508,1095.866,2520,1833.841,5725,898,1803,3190,1381,592,1660,518,,3632,745,10613,365,50104
1993,8283.00,220.31,1824.80,1186.15,639.29,3243.00,1325.00,4884.00,576.00,951.00,245.00,846.00,7.00,12076.00,6127.10,2604.00,9656.10,1055.60,1682.50,507.30,1434.20,13.10,23080.00,363.90,1584.70,286.40,146.60,123.00,171.60,1.20,0.20,2677.60,6491.00,4188.70,9942.50,1202.20,1805.50,678.90,1435.40,13.30,25757.60,62.06,294.07,1.33,3.04,3.93,305.10,57.42,4.97,8.10,3.27,32.37,0.81,0.02,0.24,6.39,0.00,0.44,0.00,0.38,0.26,3.92,10.30,812.21,0.00,81.78,12.60,24.79,98.76,0.00,0.10,0.00,0.00,0.00,234.75,0.00,1.33,0.00,15.71,250.46,143.50,1005.42,3.30,17.63,14.72,1591.06,157.62,14.14,17.86,13.997301,121.266068,3.003971,0.15182,0.369609,48.493461,0,1.675213,0.003036,1.331445,1.245723,11.66559,16.994527,3228.407192,0,42.804767,8.538722,11.068267,41.678756,0,0.195017,0,0,0,115.020881,0,0.4064,0,0,9.501746,124.522627,585.5055334,320.5158626,,418.2565878,265.2416665,346.3904812,55.577,25.7576,149,11.86,107.84,22.346,290.392,5.024,2.527,31.158,8.31,52.226,99.176,10.093,998.084,2550,1813.931,5650,860,2337,1390,945,593,1710,575,,2820,691,10584,309,47427
1994,8269.00,218.09,1803.42,1148.26,653.70,2910.00,1229.00,4522.00,529.00,946.00,224.00,847.00,7.00,11213.00,5866.80,2659.20,9689.10,1063.70,1773.10,507.40,1419.40,12.50,22991.10,369.60,1620.60,284.50,152.40,126.00,185.30,1.50,0.30,2740.10,6236.40,4279.80,9973.60,1216.10,1899.10,692.70,1420.90,12.80,25731.20,37.15,254.32,1.66,3.36,7.51,320.04,67.97,5.78,10.30,5.25,34.21,0.81,0.03,0.32,10.88,0.00,0.38,0.01,0.23,0.16,3.56,11.18,786.12,0.00,181.03,12.13,34.89,144.19,0.00,0.50,0.00,0.00,0.00,385.75,0.00,0.37,0.00,16.37,402.12,100.21,640.07,3.91,17.06,24.29,1572.73,184.29,15.31,21.36,19.543099,129.300347,2.943818,0.309581,0.533801,62.862447,0,1.444161,0.034543,0.75188,0.891456,8.360557,18.604518,2853.125951,0,104.198182,7.835009,18.414386,61.746766,0,0.578842,0,0,0,201.947769,0,0.664589,0,0,13.575053,215.522822,575.4349788,308.7535193,,344.52674,225.0231582,285.7307882,54.875,25.7312,149.1,12.025,113.157,17.241,291.973,4.99,2.814,30.341,8.89,48.914,100.974,10.477,993.533,2600,1845.233,5730,899,3270,1282,1025,602,1810,566,,2720,581,11194,368,48177
1995,7936.00,219.85,1744.70,1114.29,626.60,2963.00,1287.00,4775.00,534.00,934.00,233.00,848.00,7.00,11667.00,6019.10,2714.10,9928.30,1069.00,1802.80,521.00,1501.60,13.40,23569.30,371.20,1681.80,286.10,149.70,120.90,196.60,1.50,0.20,2808.00,6390.30,4395.90,10214.40,1218.70,1923.70,717.60,1503.10,13.60,26377.30,29.53,185.54,2.25,5.51,13.03,328.33,58.47,6.72,20.48,5.01,28.52,0.89,0.04,4.61,36.53,0.05,0.61,0.05,1.87,1.03,3.88,11.10,760.41,0.00,306.15,10.20,39.96,188.48,0.00,0.00,0.00,0.47,0.00,615.87,0.11,10.30,0.00,33.84,649.72,67.13,397.72,4.65,21.69,35.36,1410.74,148.70,16.29,38.21,16.528083,90.37967,3.17109,0.413119,9.412091,121.743609,0.185191,1.954333,0.257554,4.920257,3.867251,8.010929,17.771511,2457.008974,0,183.773315,6.544475,20.277074,92.495402,0,0,0,0.219367,0,343.698649,2.17,6.940891,0,0,24.689344,368.387993,580.9591224,269.3846702,,293.8485457,184.0837492,233.0767502,54.207,26.3773,149.315,12.709,123.317,99.191,293.922,4.916,2.945,30.151,9.272,43.297,102.785,10.512,1080.9,2600,1719.457,6080,928,4154,1235,1100,601,1850,630,,2295,542,11585,344,49020
1996,8411.00,215.23,1810.30,1093.55,714.03,3039.00,1286.00,4957.69,528.00,928.00,242.00,891.52,7.00,11879.16,6118.10,2627.00,10123.00,1023.90,1786.80,514.60,1530.20,13.10,23736.50,392.50,1783.60,292.00,157.20,121.90,210.60,0.00,0.30,2958.10,6510.60,4410.60,10415.00,1181.10,1908.70,725.20,1530.20,13.40,26694.60,35.47,214.87,2.01,4.14,23.99,288.62,57.73,7.42,22.11,6.09,28.69,0.89,0.10,5.52,16.72,0.09,0.83,0.32,1.35,1.20,3.02,4.31,745.64,0.00,463.56,17.67,54.30,236.10,0.00,0.00,0.00,0.49,0.00,863.76,0.00,1.82,0.00,31.53,895.28,74.90,439.41,3.58,15.26,56.58,1078.44,127.36,17.48,39.94,18.080979,81.979315,2.683997,0.769673,10.874898,75.605275,0.241352,2.230871,1.370461,3.503708,5.154983,5.690002,7.368959,2112.439159,0,236.082386,12.233868,25.046379,108.162828,0,0,0,0.259864,0,427.721412,0,1.023716,0,0,17.33716,445.058572,474.1632571,230.1090447,332.0041473,273.6230817,165.3433417,198.8532655,53.569,26.6946,149.228,13.402,104,98.244,291.712,4.828,3.147,29.637,9.017,39.696,103.548,10.451,1051.841,2580,1733.829,6150,1017,3557,1141,900,555,1800,639,717,2210,525,11749,410,50087
1997,9320.00,209.79,1955.25,1250.83,696.65,2863.00,1119.00,5145.40,540.00,964.00,232.00,915.00,5.00,11783.37,5921.70,2305.60,10562.30,1051.40,1848.40,510.40,1566.40,9.60,23775.70,429.40,1836.10,304.90,162.40,124.10,217.70,0.80,0.00,3075.70,6351.10,4141.70,10867.20,1213.80,1972.50,728.10,1567.20,9.60,26851.40,33.65,245.08,2.77,5.83,11.41,326.00,44.51,7.07,24.46,7.06,33.25,1.18,0.06,29.42,34.26,0.32,1.21,0.39,2.62,1.33,1.76,3.44,850.22,0.00,157.06,20.37,50.90,236.13,0.00,0.00,0.00,1.53,1.10,694.01,1.62,2.55,0.00,28.78,722.80,86.37,612.46,6.42,22.24,29.48,1328.02,111.03,18.37,49.23,22.833317,111.073993,3.549736,0.673312,68.825366,120.442356,0.79776,3.008868,1.810264,7.357901,4.088562,3.942423,5.980338,2700.486106,0,74.172216,15.136673,20.248705,101.131506,0,0,0,1.272799,0.495,334.057633,1.4455,1.460448,0,0,18.290014,352.347647,487.3138838,236.8330583,328.2348993,270.643916,175.6687632,225.2670441,51.696,26.8514,146.11,13.412,110.318,97.473,291.402,4.75,3.396,28.601,9.18,35.103,101.656,10.651,1044.419,2975,1939.101,6050,1089,4409,1149,1100,530,1795,651,827,2010,591,11714,468,51696
1998,9099.00,220.96,2010.53,1326.43,674.76,2859.00,1054.00,5071.00,514.00,948.00,224.00,946.00,5.00,11621.00,5845.60,2179.80,10443.60,1005.60,1816.70,491.40,1565.90,9.40,23358.10,445.00,1945.20,304.00,177.20,114.10,232.90,1.10,0.00,3219.80,6290.60,4125.00,10747.60,1182.80,1930.80,724.30,1567.00,9.40,26577.90,45.00,295.82,2.94,5.69,6.32,318.32,76.73,7.47,22.75,6.07,37.26,1.05,0.06,14.24,22.59,0.43,0.87,0.40,1.72,1.29,2.20,3.19,905.35,0.00,94.59,14.40,52.40,260.92,0.00,0.00,0.96,12.18,0.00,713.05,0.00,0.03,0.00,16.85,729.90,124.24,762.03,6.56,24.28,18.50,1327.42,199.61,19.63,42.59,21.766522,120.499666,3.890693,0.634739,31.558234,108.057963,1.232275,2.347305,2.120434,5.223261,5.335458,5.782877,5.60976,2934.734416,0,39.440867,9.2356,22.709602,117.125851,0,0,0.57,6.625428,0,342.667339,0,0.079207,0,0,8.30724,350.974579,524.0213135,254.1453374,424.7163441,279.2932304,163.25002,257.2813339,49.238,26.5779,144.67,13.36,121.822,95.94,288.799,4.708,3.28,29.051,8.9,31.52,99.744,10.553,1038.476,2600,1986.802,6140,1182,4799,890,1350,530,1800,605,846,1890,539,11804,454,51767
1999,8644.00,229.97,1987.90,1284.17,696.18,2801.00,1134.00,5667.00,480.00,1086.00,194.00,913.00,6.00,12282.00,5530.70,2370.60,11502.60,994.70,2058.90,410.60,1570.20,9.80,24448.00,439.50,1893.20,305.10,189.10,105.70,206.00,0.00,0.00,3140.00,5970.20,4263.80,11807.70,1183.80,2164.60,616.60,1570.20,9.80,27588.00,34.39,317.93,2.40,4.24,15.35,326.93,72.69,7.30,17.90,5.57,29.53,0.83,0.13,0.64,10.76,0.21,0.58,0.37,0.92,0.64,2.03,3.12,871.29,0.00,231.22,12.69,54.73,245.20,0.00,0.00,0.00,9.14,0.00,845.67,0.00,0.01,0.00,8.14,853.81,113.75,974.57,6.48,21.98,46.33,1476.92,200.79,19.63,38.63,23.505286,114.021732,4.196148,0.88214,1.476285,69.936668,0.985669,1.967485,2.414194,3.485011,2.817735,7.588848,5.776101,3188.650763,0,106.948237,8.570386,25.045341,122.072644,0,0,0,4.553495,0,432.644874,0,0.05,0,0,6.994085,439.638959,540.6665393,271.2670062,429.22231,284.9391989,179.4517431,266.7361883,49.437,27.588,143.893,13.211,124.419,95.368,286.569,4.656,2.922,25.425,8.96,28.481,99.115,10.402,1028.55,2840,1990.716,6270,1264,5054,8803,1450,537,1900,570,867,1740,584,12124,425,52825
2000,8981.00,235.99,2119.43,1460.97,648.63,2849.00,1138.00,5304.00,516.00,1013.00,201.00,981.00,6.00,12007.00,5786.10,2434.70,11087.60,1050.30,2001.40,426.50,1706.90,11.00,24504.40,428.40,1970.80,288.30,191.60,126.40,209.80,0.00,0.00,3217.30,6214.50,4405.50,11375.90,1241.90,2127.80,636.30,1706.90,11.00,27721.70,46.53,397.59,2.36,5.02,12.73,334.05,66.01,8.75,20.32,4.62,33.03,0.86,0.12,9.45,9.21,0.59,1.12,0.42,3.06,2.02,4.32,3.05,987.98,0.37,284.81,14.42,69.71,156.79,0.00,0.00,0.90,16.64,4.86,845.81,0.29,0.02,0.00,15.32,861.13,177.83,1482.31,7.11,26.27,41.70,1704.62,208.29,23.94,49.86,24.349518,142.705826,4.601299,0.779863,26.706224,62.684293,2.080846,3.940056,2.458906,12.57305,10.992863,14.944334,6.251939,4127.023931,0.651753,146.021795,9.47807,32.397489,86.763425,0,0,0.85,8.83216,3.32727,481.826884,1.514456,0.11,0,0,15.857011,497.683895,570.5714169,312.5323317,471.2255666,314.399666,183.823829,317.4647462,50.332,27.7217,146.272,13.201,126.983,95,285.22,4.588,2.487,25.22,9.07,28.06,98.199,10.557,1028.924,2880,2053.489,6520,1263,5131,8325,1525,530,1900,581,886,1595,625,12298,440,53001
2001,8589.00,236.07,2027.61,1382.01,638.25,2852.00,1158.00,5762.00,594.00,1013.00,199.00,1069.00,6.00,12652.00,5592.60,2463.00,11283.80,1201.30,1979.80,431.80,1776.70,9.80,24738.70,428.20,1949.50,260.20,179.60,123.80,187.10,0.00,0.00,3131.30,6020.80,4412.50,11544.00,1380.90,2103.60,618.90,1776.70,9.80,27870.00,63.80,407.73,2.61,4.72,15.09,247.34,75.90,9.66,16.12,3.60,28.81,0.99,0.12,4.35,7.07,0.65,1.23,0.49,4.64,2.09,4.64,3.56,932.71,1.61,326.02,16.71,77.38,96.96,0.00,0.00,1.81,48.46,33.52,796.98,2.75,1.79,0.00,23.75,820.73,262.48,1787.49,8.64,27.40,57.15,1359.48,326.01,27.51,51.79,21.764261,133.147646,4.792399,1.15562,8.565822,55.804407,2.572235,6.023448,3.19537,23.073966,12.941168,20.610468,9.084475,4332.548517,4.041805,206.115974,13.396082,40.478373,61.263617,0,0,1.901358,24.318945,22.753726,525.535343,5.997533,2.024178,0,0,35.790287,561.32563,652.8221674,373.2267225,604.5374225,388.5942501,207.9342507,392.8449627,51.167,27.87,150.382,13.608,123.532,94.655,284.822,4.53,2.134,25.328,9.4,27.52,97.298,10.423,1020.078,2640,2078.901,6895,1262,5086,8120,1650,458,1925,577,903,1580,524,11983,317,52210
2002,9230.00,224.58,2072.83,1387.60,675.80,2809.00,1240.00,5380.00,590.00,981.00,219.00,1023.00,5.00,12245.00,5419.40,2491.40,10507.40,1209.30,1815.20,481.90,1682.60,7.80,23615.10,397.60,1896.10,232.50,191.40,130.00,199.60,0.00,0.00,3049.00,5817.00,4387.50,10739.90,1400.70,1945.20,681.50,1682.60,7.80,26664.10,69.26,354.97,3.69,2.94,22.42,278.74,87.25,10.33,13.39,4.63,34.79,0.86,0.24,3.92,9.02,0.33,2.34,0.48,2.76,1.82,10.27,4.86,937.56,5.51,486.32,18.47,95.52,108.19,0.00,0.00,2.85,34.40,52.41,976.56,16.76,5.28,3.71,31.33,1007.89,250.84,1343.55,10.01,19.01,67.27,1400.64,346.23,27.63,33.72,24.404718,147.973545,5.307364,1.66559,8.41979,60.002338,1.397396,9.216642,2.53927,13.692023,11.768899,39.640726,11.040425,3906.688765,7.326675,278.131936,15.086735,44.082681,56.918414,0,0,2.481321,17.261438,30.711437,569.288021,24.380741,3.019248,0,3.821636,38.208306,607.496327,644.1083806,341.0572695,630.8974365,387.8874095,206.3137371,381.6364367,52.369,26.6641,156.314,13.752,118.092,94.235,284.574,4.563,1.954,25.349,9.656,27.39,96.723,11.667,1022.868,2700,2089.743,7240,1298,5219,8310,1810,537,1725,588,925,1650,573,12427,425,53891
2003,8778.00,231.60,2032.94,1319.11,697.41,2873.00,1185.00,5638.00,568.00,1049.00,233.00,1019.00,5.00,12570.00,5416.00,2390.20,11244.80,1164.30,1962.20,495.50,1729.70,7.60,24410.20,399.60,1890.50,254.90,188.10,132.90,188.60,0.00,0.00,3054.60,5815.60,4280.70,11499.70,1352.40,2095.10,684.10,1729.70,7.60,27464.80,9.01,365.08,3.27,2.38,11.83,332.84,81.44,8.12,7.46,2.62,30.32,0.90,0.21,1.34,7.09,0.72,3.67,0.41,2.20,1.36,3.81,3.21,890.09,5.10,337.64,18.43,66.54,53.55,0.00,0.00,0.80,35.99,0.00,581.45,58.14,11.92,0.76,100.48,681.93,42.45,1332.96,12.65,21.41,36.99,1756.40,354.49,19.36,18.94,19.859039,127.970225,6.968312,1.921018,4.839283,61.361773,3.54006,15.360182,2.93058,9.02724,11.779684,16.1609,6.571708,3926.490223,6.611803,177.942978,14.991388,30.62599,29.486612,0,0,1.324495,18.366763,0,317.850418,111.0952,8.820448,0,0.79681,143.390653,461.241071,650.0515905,315.4770701,734.6706045,347.8736516,213.0754773,316.8615143,53.069,27.4648,161.463,13.466,115.678,92.78,284.329,4.524,1.954,26.011,9.76,26.846,96.1,12.257,1018.559,2800,1997.563,7385,1204,5425,8287,1960,496,1950,681,953,1680,610,12039,450,54200
2004,8853.00,244.21,2161.96,1491.25,661.28,2814.00,1247.00,5844.00,630.00,1092.00,238.00,1064.00,5.00,12935.00,5335.10,2540.00,11379.60,1223.40,2010.90,498.40,1728.70,9.30,24725.30,399.30,1969.20,220.70,160.30,116.10,190.60,0.00,0.00,3056.20,5734.40,4509.20,11600.30,1383.70,2127.00,689.00,1728.70,9.30,27781.50,7.01,369.28,2.77,2.81,7.54,438.39,111.42,6.86,5.51,2.45,26.96,1.27,0.23,1.87,7.48,0.09,1.35,0.38,0.69,1.43,3.00,2.51,1009.04,18.00,358.59,22.73,38.08,35.78,0.00,0.00,2.44,44.11,0.00,573.71,44.06,0.00,0.01,49.87,623.58,34.46,1448.84,13.01,30.16,30.24,2452.40,524.27,18.00,10.05,20.55711,128.246504,8.834587,2.157583,11.007981,66.808917,1.083282,7.473073,3.323142,3.400839,14.801637,13.701696,5.006867,4879.258014,31.349371,214.920655,19.526308,20.792968,23.216699,0,0,2.386482,25.806774,0,374.059944,82.684231,0,0,0.009211,89.912909,463.972853,714.3242598,377.3878047,757.4386478,440.5854749,272.5478537,353.6816754,53.968,27.7815,165.492,14.555,114.344,91.61,283.103,4.478,1.999,25.199,9.54,25.091,94.403,12.609,1013.697,3130,2112.894,7975,1500,5604,8350,2170,514,1900,697,979,1640,632,11261,544,55493
2005,8402.00,247.21,2077.07,1395.47,670.12,2997.00,1272.00,5745.00,591.00,1199.00,228.00,1160.00,5.00,13197.00,5862.00,2645.70,11353.90,1160.70,2275.20,500.60,1798.20,9.20,25605.50,349.20,1757.50,193.60,168.40,115.70,203.40,0.00,0.00,2787.90,6211.20,4403.20,11547.50,1329.10,2390.90,704.00,1798.20,9.20,28393.40,9.48,302.22,2.15,2.93,11.15,403.11,141.89,2.18,5.19,3.25,31.96,1.35,0.23,5.73,6.83,0.04,1.22,0.58,0.93,1.44,2.37,2.57,947.71,6.47,358.33,22.36,44.95,17.01,0.00,0.00,0.00,43.48,24.42,548.77,7.82,0.00,0.00,28.97,577.74,41.23,1160.95,12.72,27.75,40.96,2194.77,661.25,11.58,11.10,24.922351,158.802626,9.92591,2.171529,31.32522,60.951935,0.35344,6.242156,5.651493,5.243403,15.380691,10.641608,5.27717,4539.164496,7.718286,220.482195,19.060825,23.916917,9.94833,0,0,0,32.39387,15.693499,357.792833,13.712339,0,0,0,46.157514,403.950347,711.4140541,366.8496217,803.3813665,421.2087967,281.8607633,345.0899924,53.767,28.3934,169.567,14.925,112.354,90.731,288,4.401,2.163,24.309,9.415,23.154,95.018,12.546,992.662,3200,2090.271,8592,1470,5681,8136,2225,500,1725,661,1004,1520,672,11318,600,54138
2006,9087.00,245.00,2226.29,1516.82,698.79,2883.00,1218.00,5589.00,527.00,1144.00,223.00,1211.00,6.00,12800.00,5609.00,2575.20,11494.90,1066.80,2222.80,481.20,1912.20,11.00,25373.20,325.70,1667.70,188.70,175.50,104.50,201.30,,,2663.40,5934.70,4242.90,11683.60,1242.30,2327.30,682.50,1912.20,11.00,28036.60,10.34,307.19,2.18,3.95,23.45,415.13,174.96,3.97,5.54,5.90,32.25,1.67,0.39,8.83,7.97,0.10,0.64,1.29,0.85,1.54,3.44,3.52,1028.67,5.21,452.20,20.81,52.14,13.90,0.00,0.01,0.01,54.43,24.80,638.04,6.81,0.00,0.00,37.77,675.81,47.92,1238.95,11.95,29.89,73.30,2139.12,893.52,19.71,10.29,32.125963,140.343146,13.871651,3.154436,49.140554,77.133775,1.473159,4.326198,6.599225,3.139383,18.422389,15.430984,7.503639,4894.768693,8.458922,302.83991,18.462671,29.455872,9.638698,0,0.08739,0.01,39.538703,17.106564,437.427496,11.880952,0,14.168768,0,59.493504,496.921,706.3013935,350.843586,825.963773,435.4979541,276.9465158,348.8218076,54.266,28.0366,172.111,14.655,109.908,90.364,293,4.39,2.298,23.669,9.465,21.625,96.342,12.334,999.713,3100,2188.32,9025,1329,5767,8191,2450,497,1550,648,1300,1450,808,11980,640,55823
2007,8682.00,245.58,2132.12,1440.19,686.21,2982.00,1206.00,6113.00,533.00,1217.00,224.00,1193.00,4.00,13472.00,5330.40,2254.30,11730.60,965.80,2012.50,443.60,2040.80,6.00,24784.10,320.50,1583.10,174.00,160.20,100.90,198.10,,,2536.90,5650.90,3837.40,11904.60,1126.00,2113.40,641.70,2040.80,6.00,27321.00,11.21,246.29,3.89,4.59,32.36,378.20,161.61,5.21,9.79,10.64,26.73,1.77,0.69,45.40,10.67,0.14,1.07,0.72,2.28,3.06,4.43,4.98,979.19,0.05,546.91,20.24,24.99,15.56,0.00,0.00,0.00,58.98,11.77,713.25,6.71,0.02,0.00,55.94,769.19,47.07,949.40,17.43,33.08,99.18,1858.51,763.12,24.76,24.83,49.448552,106.719207,15.306925,4.372553,182.835538,100.593882,1.410796,3.921938,7.606037,7.485351,26.320797,21.605241,10.679274,4414.116247,0.281,342.077582,17.910331,15.760234,10.314133,0,0,0,35.868624,6.5386,450.511369,10.350137,0.079,27.903365,0,90.158817,540.670186,671.3652477,319.7812297,782.9524545,412.3198612,281.0664846,334.2741583,55.664,27.321,173.83,14.135,104.651,89.329,298,4.391,2.484,23.316,9.61,21.562,96.573,11.915,999.204,3300,2168.944,9303,1278,6262,8258,2490,504,1600,607,1344,1445,861,12097,560,57037
2008,8585.00,247.54,2125.11,1485.29,634.48,2915.00,1092.00,5911.00,543.00,1201.00,199.00,1037.00,5.00,12903.00,5533.10,2234.30,12151.40,1042.20,2220.30,425.70,1680.50,7.00,25294.50,323.20,1619.20,181.00,164.90,98.00,225.90,,,2612.30,5856.30,3853.50,12332.40,1207.10,2318.30,651.60,1680.50,7.00,27906.80,11.36,283.61,4.56,7.47,38.91,369.07,126.85,8.63,17.40,9.68,30.82,1.85,1.12,39.16,12.83,1.10,0.86,1.37,3.12,4.47,4.01,4.28,1006.17,6.77,699.86,17.53,21.18,10.33,0.00,0.00,0.00,27.71,23.03,856.01,9.25,1.55,0.02,35.07,891.08,52.54,1231.06,23.29,48.38,139.27,2101.21,595.13,37.60,59.15,53.949269,145.363689,16.302784,6.301536,171.681591,128.651989,4.589836,4.584071,12.442591,13.220349,37.677658,18.633057,12.58792,5049.334212,16.165231,448.674043,14.785295,15.394937,6.76869,0,0,0,14.56474,12.766702,558.695479,20.909555,3.692214,37.464708,0.36,87.311444,646.006923,780.3293303,367.7525753,774.7055783,434.0504179,328.2965868,389.9787522,55.662,27.9068,176.225,13.755,103.975,89.899,304.418,4.398,2.654,22.85,9.73,21.502,96.035,11.869,1000.547,3150,2138.329,9025,1304,6177,8130,2700,520,1667,644,1388,1498,770,12160,535,56841
2009,8367.00,252.04,2108.78,1377.35,725.14,2796.00,1016.00,5953.00,489.00,1214.00,217.00,1256.00,5.00,12946.00,5107.10,2079.50,11193.30,903.90,2206.20,445.80,2065.70,6.30,24007.70,348.30,1588.70,162.20,138.50,113.00,191.60,,,2542.40,5455.40,3668.20,11355.50,1042.40,2319.20,637.40,2065.70,6.30,26550.10,10.01,209.87,7.07,10.00,50.04,353.34,138.56,8.03,22.37,10.57,32.21,2.17,1.02,24.97,9.21,3.58,1.95,1.71,3.57,5.06,3.12,6.58,934.47,20.46,716.22,15.48,4.91,14.69,0.00,0.03,0.00,36.43,7.67,906.68,32.82,1.85,0.46,50.85,957.53,37.90,813.44,27.55,56.62,169.10,1697.54,599.24,34.41,56.75,53.658111,141.201946,17.178079,6.639162,114.248475,85.354141,9.346465,8.065517,11.108046,12.034533,38.223966,13.625235,16.340261,4108.634989,42.556482,438.274043,14.882234,4.313089,8.106539,0,0.160583,0,21.163575,4.83404,600.128244,64.591055,1.8994,22.698582,0.461,101.023034,701.151278,683.2780339,350.6678599,693.7683871,364.5027455,282.458483,343.4494035,54.26,26.5501,178.84,13.03,100.68,90.408,306,4.423,2.876,22.666,9.715,20.952,94.721,11.95,998.029,3380,2106.384,8935,1239,6262,7923,2950,518,1705,623,1437,1470,797,11885,580,56848
2010,8099.00,263.41,2133.36,1441.83,691.78,2763.07,1119.37,6000.74,523.68,1062.30,219.92,1187.80,5.66,12882.53,5383.93,2365.85,12449.63,1109.64,1954.38,466.58,2197.36,8.81,25936.20,325.82,1604.01,162.25,142.55,112.72,222.63,0.01,,2570.00,5709.75,3969.86,12611.87,1252.19,2067.10,689.21,2197.37,8.81,28506.20,7.14,161.11,13.50,8.60,47.36,356.08,151.56,14.22,23.63,10.91,32.72,2.61,1.00,71.23,13.37,4.69,3.17,1.93,5.82,6.30,5.05,8.15,980.50,24.41,456.02,12.40,19.72,15.86,7.91,0.04,0.00,50.42,19.51,755.18,26.53,1.35,1.41,49.83,805.01,31.88,708.94,52.02,54.30,177.65,1688.77,713.94,58.81,72.99,64.019591,154.972418,24.230106,7.584751,291.600575,121.652167,17.304477,13.823994,12.391774,18.450561,44.523418,22.400627,23.531759,4526.643059,51.257367,286.514634,15.666138,13.232449,9.276752,6.437926,0.076,0,32.96937,16.000592,556.802054,54.499573,2.755532,24.501383,2.125835,102.846301,659.648355,633.7867115,344.536613,705.5179595,394.2738323,354.8015572,372.3161981,49.842,28.5062,182.527,12.67,100.359,89.829,304.5,4.376,3.079,22.192,9.917,20.54,94.081,11.828,976.153,2620,2128.598,9350,1276,6291,8101,3125,515,1745,642,1485,1455,886,12034,530,57190
2011,7875.00,268.54,2114.76,1462.15,656.76,3027.54,1248.47,6177.37,633.18,1072.16,241.81,1227.51,5.20,13633.23,5497.05,2362.08,11989.53,1204.50,1956.63,472.22,2195.22,8.01,25685.23,340.64,1751.67,171.35,126.75,110.99,231.75,0.03,,2733.00,5837.69,4113.76,12160.88,1331.25,2067.62,703.97,2195.25,8.02,28418.23,12.11,204.91,11.85,12.22,40.78,332.47,140.42,15.76,22.83,15.13,38.69,3.09,1.99,47.64,14.78,6.86,3.04,2.42,5.78,7.84,3.58,5.53,994.91,5.76,375.48,14.28,19.39,23.78,0.00,0.00,0.95,60.49,0.00,585.69,53.10,0.67,0.50,97.61,683.30,46.04,894.49,59.14,76.36,167.58,1579.59,654.06,62.62,65.51,77.704442,205.248189,26.730513,12.392762,208.390226,136.888399,27.998332,14.294893,17.509331,16.77021,53.220261,15.412339,19.101642,4684.877377,12.031544,252.340256,19.668012,13.652555,15.197096,0,0,0.626821,45.652419,0,426.715642,120.813033,2.358,80.834783,1.265,224.057314,650.772956,639.7732457,360.0509415,752.9612281,430.0418991,421.6024995,402.1451288,48.851,28.418232,185.379,12.155,98.2,87.831,302.5,4.23,3.278,21.456,9.864,19.794,92.887,11.241,965.117,2530,2129.021,9300,1141,6107,8114,3308,500,1804,601,1536,1367,870,11978,510,56727
2012,8456.00,265.49,2244.97,1539.35,707.92,2948.46,1101.71,6295.26,603.07,1004.59,255.98,1214.93,6.02,13430.02,5593.04,2427.18,12628.33,1193.45,1883.24,522.24,2199.86,9.56,26456.90,360.18,1801.79,169.68,133.39,121.18,247.63,,,2833.87,5953.22,4228.97,12798.01,1326.84,2004.42,769.87,2199.86,9.56,29290.77,16.79,208.59,92.93,8.83,29.61,304.44,151.22,17.14,31.22,14.30,39.10,3.09,1.93,25.79,18.20,5.19,3.52,2.23,20.02,7.68,5.44,5.22,1051.51,9.59,266.14,10.44,36.90,35.27,0.00,0.00,15.90,63.80,3.55,523.56,49.65,5.19,0.00,110.76,634.32,68.86,970.26,408.20,59.14,136.96,1466.34,703.37,66.08,94.37,81.302263,208.976488,28.620656,12.478591,125.388374,163.611878,19.75869,17.483098,16.769,87.671928,57.360695,23.378513,20.427131,5051.752858,13.966861,164.543364,14.567,23.140693,21.503302,0,0,11.873305,45.134023,2.837817,355.174626,111.042817,9.4342,69.349399,0,234.055876,589.230502,663.0490299,362.2935198,773.4099047,414.5058613,445.8080845,414.7894077,50.714,29.29076984,184.041,12.23,93.84,87.054,300,4.172,3.354,20.09,10.021,19.901,91.16,11.232,954.742,2620,2152.031,9650,1060,6147,7708,3491,519,1821,624,1587,1377,852,11845,530,57009
2013,9474.00,260.09,2464.07,1769.37,696.80,2751.92,1096.84,6376.95,567.16,1081.30,251.14,1192.41,3.66,13321.36,5325.21,2428.17,12754.97,1109.84,1972.76,534.46,2164.33,6.03,26295.78,337.73,1789.52,176.83,135.44,136.47,231.19,,,2807.17,5662.94,4217.69,12931.79,1245.28,2109.22,765.66,2164.33,6.03,29102.95,26.25,263.13,160.90,10.52,53.84,278.40,164.56,15.01,33.22,13.67,39.39,4.80,3.11,21.83,23.92,7.80,4.17,2.75,33.58,8.46,8.10,4.86,1214.03,9.24,614.16,10.83,54.12,19.61,31.99,0.00,131.97,107.70,0.00,1006.45,84.85,9.53,0.44,126.56,1133.01,113.06,1360.08,787.44,77.42,257.70,1439.15,892.28,70.94,111.30,85.082137,231.647278,39.484541,17.183752,126.227767,243.003058,34.697242,21.962425,21.717438,168.784727,69.079916,45.771217,17.375997,6421.990476,14.639496,452.044429,15.110754,38.360252,13.530847,33.114761,0,124.021099,83.404174,0,796.493575,179.990461,8.790292,30.747583,0.88984,252.542068,1049.035643,669.9036248,374.0678608,777.5316195,457.2286818,428.3903245,439.71134,52.201,29.102954,184.464,12.24,91.373,87.106,299.6,4.065,3.479,18.521,10.18,19.68,90.095,11.384,949.549,2850,2359.063,10000,1056,6131,7388,3800,508,1807,620,1630,1367,905,11751,525,57911
2014,10105.00,263.40,2661.64,2009.07,653.41,2650.35,1104.79,5540.65,513.31,1228.17,215.81,1274.02,3.96,12531.07,5278.78,2300.61,11178.49,1014.87,2242.22,466.38,2114.57,6.37,24602.28,313.02,1827.93,168.51,127.23,124.51,249.39,,,2810.60,5591.80,4128.54,11347.00,1142.10,2366.73,715.78,2114.57,6.37,27412.87,40.30,469.85,128.65,17.21,46.26,293.73,165.02,14.61,33.69,9.69,31.02,6.17,5.13,0.53,25.28,4.90,4.21,4.14,29.87,9.81,10.34,3.35,1376.45,21.87,740.65,9.84,50.81,26.96,37.06,7.61,307.42,65.68,0.00,1306.63,63.71,4.21,4.28,78.34,1384.97,227.69,3233.42,758.31,125.62,247.16,1857.76,1067.66,80.52,151.98,75.83892,211.223608,54.359016,26.400253,2.143914,285.05651,24.742933,25.55926,32.266258,200.820298,91.174507,72.692325,18.840902,9039.531433,31.966653,594.934151,14.4489,46.112597,21.99876,49.569761,6.671739,319.159343,60.809044,0,1181.500769,144.657165,5.04073,12.129522,11.330404,181.693867,1363.194636,738.3165189,448.1657989,862.450736,539.7980598,527.9626375,547.023336,52.396,27.41287131,184.988,12.05,89.858,87.619,300.2,3.962,3.342,17.76,10.183,19.273,88.243,11.903,946.084,2700,2595.15,9723,1100,6157,7443,4000,502,1827,658,1685,1362,983,11075,555,57649
2015,8800.00,266.31,2343.52,1749.43,595.58,2399.77,884.35,5241.94,448.89,982.07,180.95,1309.98,3.56,11451.51,4674.55,1819.06,10390.12,913.89,1878.47,385.86,2238.35,5.97,22306.28,323.15,1664.93,154.84,134.72,124.78,262.63,0.02,,2665.07,4997.70,3483.99,10544.96,1048.61,2003.25,648.49,2238.37,5.97,24971.35,32.16,336.28,129.48,6.63,55.18,265.09,188.98,13.52,30.40,9.86,29.77,4.92,5.73,0.02,24.42,3.19,3.05,2.93,21.18,10.32,5.73,2.27,1195.88,15.56,561.72,8.67,39.06,26.95,43.81,3.06,280.18,82.48,0.00,1125.40,106.43,7.43,0.10,133.09,1258.49,182.60,2488.03,866.52,77.32,314.67,1813.29,1324.05,74.03,120.59,82.322385,226.476723,52.747178,33.145976,0.298345,324.563007,14.835942,21.429118,32.587978,157.141019,96.858618,40.106803,13.70103,8494.647861,25.806346,578.429568,14.665307,43.647772,27.416071,64.905066,4.079001,369.382975,94.066187,0,1298.920379,216.484563,7.19804,0.845987,0.462,252.134962,1551.055341,913.2753121,497.3034552,933.0289085,662.3922735,487.2262725,663.7262805,52.168,24.97134916,187.474,11.64,90.073,88.383,300.6,3.86,3.472,17.12,10.368,18.92,89.173,12.053,929.251,2720,2546.819,9425,1047,6169,7684,4080,481,1850,690,1710,1364,1038,10817,565,57543
2016,7421.00,278.75,2068.62,1443.39,625.86,2517.18,947.47,5629.31,464.00,1087.70,214.45,1312.67,3.44,12176.21,4992.27,1980.66,10992.60,956.15,1992.69,461.42,2188.59,5.39,23569.77,294.89,1629.17,150.91,126.91,135.06,268.81,,,2605.75,5287.17,3609.83,11143.51,1083.07,2127.74,730.23,2188.59,5.39,26175.52,16.92,204.05,104.09,5.37,56.57,273.73,178.83,11.74,30.18,7.54,29.71,4.65,6.19,0.02,16.35,2.10,2.78,2.48,10.35,9.02,5.29,2.26,991.26,1.42,518.23,9.54,26.40,4.18,0.00,0.80,161.07,45.83,0.00,823.69,70.77,13.96,2.19,92.90,916.60,101.21,1493.92,746.65,77.39,292.29,1910.15,1227.94,75.59,140.33,81.87207,244.961087,56.496103,41.120857,0.198603,228.696221,9.994782,20.39418,26.492951,75.982237,93.388019,36.461138,15.403106,7114.836077,3.558052,619.795267,22.07721,29.884443,5.209916,0,1.15893,242.703837,53.34786,0,1042.577006,125.390821,15.869604,0,2.9488,156.458206,1199.035212,966.2803224,474.9430367,1089.035624,647.7079697,429.1665,637.1958298,53.118,26.17552089,190.062,11.61,90.558,79.303,301,3.824,3.337,16.615,10.033,18.528,91.888,12.016,929.707,2650,2125.0536,9400,1130,6169,6939,4170,465,1879,648,,1339,1091,11507,580,55293
2017,7915.00,282.71,2237.68,1638.22,596.52,2274.00,965.89,5870.80,433.46,1033.82,195.58,1377.51,3.53,12154.90,4425.55,2064.21,11909.95,910.04,1900.98,432.63,2119.25,5.78,23768.38,301.50,1699.75,141.04,117.22,114.21,253.62,,,2627.35,4727.05,3763.96,12050.98,1027.26,2015.18,686.25,2119.27,5.78,26395.73,20.96,235.02,140.09,9.33,65.74,308.79,169.41,13.67,38.88,7.11,31.41,5.82,9.70,0.02,17.00,1.31,2.88,2.91,8.77,8.86,6.43,2.29,1122.49,27.74,505.16,11.37,35.09,7.41,30.82,0.80,174.15,38.84,0.00,891.51,69.16,11.39,0.00,89.44,980.95,130.08,1708.20,1004.60,105.89,324.99,2116.33,1176.16,79.76,177.79,80.862174,242.712091,68.627486,58.899771,0.208361,249.217587,7.550633,22.812094,29.218594,74.965652,95.413582,42.840583,14.061256,7962.721739,58.261858,558.418957,27.892997,44.531871,7.087868,39.864584,1.107259,247.326014,49.245373,0,1115.527582,117.961168,15.132473,0,0,152.181789,1267.709371,946.1963252,507.1206183,1078.046372,590.8622429,458.9064375,632.085734,54.163,26.39573357,187.285,11.535,88.345,79.698,301.4,3.822,3.381,16.49,10.152,18.248,93.625,11.864,925.578,2840,2149.0771,9750,1201,6346,6951,4230,469,1925,654,,1325,1046,11943,594,56523
2018,8704.00,270.20,2351.79,1771.02,579.06,1864.99,999.11,5743.95,427.07,1068.17,197.98,1376.89,1.95,11680.11,3780.35,2106.24,11156.29,880.72,1877.68,430.90,2146.93,3.00,22382.09,262.71,1496.96,138.84,100.32,111.35,231.19,,,2341.37,4043.06,3603.19,11295.13,981.03,1989.03,662.09,2146.94,3.00,24723.46,18.55,240.80,227.98,6.05,71.04,302.47,188.57,12.61,33.76,7.85,29.86,5.55,13.26,0.01,14.33,1.19,2.81,2.37,11.22,8.45,6.48,2.60,1221.61,37.44,673.62,14.00,25.46,17.81,28.87,0.93,235.61,85.83,0.00,1128.79,115.30,4.46,0.23,138.88,1267.67,116.45,1934.18,1751.74,93.24,322.37,2304.42,1500.12,81.95,164.49,91.010694,241.265801,68.176414,89.969049,0.111789,228.461089,7.186367,24.51269,27.096748,110.394321,101.829632,44.264933,16.365693,9475.853769,82.311284,685.263754,32.698969,29.138751,15.468639,43.260233,1.475055,371.405131,101.383781,0,1374.35962,219.660909,5.733069,6.163013,0.3465,269.773794,1644.133414,975.5087459,529.4885927,1178.060409,672.1559644,432.014625,633.4042668,54.793,24.7234583,186.245,11.67,90.386,79.01,301.9,3.842,3.429,16.584,10.146,18.195,94.298,11.744,929.055,3050,2308.548,9975,1265,6440,7067,4240,475,1980,672,,1357,1027,12256,596,57810
2019,8699.00,272.63,2371.61,1861.44,509.86,1909.74,952.75,5406.26,451.92,1087.91,243.46,1087.54,1.27,11140.85,3602.63,2045.37,10381.26,908.14,1922.97,480.25,1798.85,2.37,21141.84,254.41,1469.00,118.29,115.70,108.89,295.12,,,2361.40,3857.04,3514.37,10499.56,1023.84,2031.86,775.36,1798.85,2.37,23503.24,15.18,240.23,331.17,5.68,75.58,284.28,170.22,11.79,34.42,10.49,28.20,6.26,18.36,0.01,11.77,1.53,2.26,2.19,11.43,7.78,6.85,2.30,1290.14,42.99,613.03,14.97,20.91,15.32,47.70,3.47,331.07,62.15,0.00,1239.09,122.60,1.91,0.01,138.58,1377.67,123.75,2319.04,2838.96,91.66,414.55,2422.23,1463.38,88.78,194.07,118.436493,260.528665,79.981335,122.291759,0.186484,206.951986,10.709654,23.28644,29.646023,125.830949,97.98246,57.33142,16.23938,11257.78069,83.204183,646.846352,32.274585,26.77267,10.391614,94.18402,4.520756,585.468077,56.790287,0,1566.340987,268.989595,4.861607,0,0.06,311.180825,1877.521812,1091.155217,610.3560042,1347.161617,765.0098925,499.7981625,762.0440808,55.008,23.50323785,187.29,11.67,88.791,77.84,302.7,3.835,3.521,16.699,10.107,18.05,94.805,11.396,927.979,3125,2431.81,10050,1342,6670,6964,4270,471,2027,713,,1374,1019,12385,562,58527
2020,6621.30,291.88,1932.60,1411.91,525.99,2171.20,1021.24,5624.84,482.51,1143.40,224.65,1088.00,2.29,11758.13,4147.59,2129.82,10605.37,936.72,2022.72,470.46,1731.71,3.96,22048.33,282.66,1446.83,123.25,111.05,109.43,309.61,,,2382.84,4430.25,3576.65,10728.62,1047.76,2132.15,780.07,1731.71,3.96,24431.17,9.45,164.75,171.53,7.50,61.99,240.17,168.24,9.78,28.79,6.54,23.65,7.69,27.51,0.02,8.38,1.15,3.23,1.54,11.77,9.45,4.67,4.00,981.06,15.61,437.85,12.71,25.81,22.48,0.00,0.00,223.21,23.70,0.00,779.66,112.51,4.30,6.73,124.55,904.22,92.87,1603.40,1510.77,117.95,287.43,1934.69,1424.43,78.32,129.82,96.470698,217.587534,90.385692,151.810021,0.186473,140.652639,7.271138,26.442918,23.400546,142.213663,121.662367,32.365374,21.432711,8240.945216,40.957114,577.217068,30.732134,36.170442,28.839788,0,0,411.598948,41.266826,0,1196.828872,291.185155,6.672087,0,8.63893,309.945887,1506.774759,1090.418406,647.230074,1326.828703,772.7852174,480.8232188,798.4000821,54.461,24.43117368,190.026,11.54,90.828,77.161,303.2,3.907,3.645,16.9,10.151,18.022,93.793,11.436,929.026,3170,2122.927,9975,1314,6720,6882,3760,477,2079,727,,1378,1008,12389,520,57658
2021,6148.00,305.45,1877.88,1349.60,532.51,,,,,,,,,,,,,,,,,,22750.00,,,,,,,,,2264.19,,,,,,,,,25014.19,9.97,140.44,169.14,5.49,64.13,230.44,169.97,10.27,31.68,5.00,24.15,11.79,18.31,0.03,7.56,1.35,1.75,1.58,11.77,7.72,4.15,2.80,940.20,0.37,350.73,9.72,13.25,10.62,0.00,3.82,92.49,26.72,0.00,520.08,93.86,2.54,0.00,97.43,617.52,118.60,1729.57,1900.85,109.48,354.00,2129.61,1826.46,102.13,182.93,96.503599,282.955206,163.673158,127.065352,0.528285,151.546821,13.353097,22.508275,27.452389,178.180253,161.008158,34.943363,20.35991,9919.345105,0.737353,548.862669,27.31453,20.872986,16.228381,0,6.295145,168.471779,40.9006,0,849.09566,331.967551,5.188108,0,0,339.211768,1188.307428,1135.944105,633.9107392,1484.403059,853.1493927,570.54375,853.8866023,53.54,25.01419143,193.195,11.515,95.009,76.499,305.5,3.96,3.805,17,10.083,17.953,93.79,11.966,937.027,3000,1894.841,9750,1385,6980,6865,4195,480,2129,754,,1380,996,12734,670,58371
